fromId,toId,sentiment,frequency
1,1,-0.004784688995215309,11
1,2,-0.005833387953070718,11
1,7,0.0045662100456621,3
1,14,0.0,1
1,40,-0.0033384533400206864,46
1,55,-0.0064888248017303495,6
1,69,0.010958904109589041,5
1,75,-0.0014019065929664332,18
1,84,-0.004784688995215309,11
1,117,-0.0526315789473684,1
1,125,-0.003866258111031,80
1,131,0.0,1
1,133,-0.006314795017775896,29
1,140,-0.004344369881500377,39
1,141,-0.0026053614734220334,88
2,1,0.006049967085671296,23
2,2,0.014689978370584,48
2,9,0.0091324200913242,3
2,14,0.010196724688433412,70
2,25,0.0,1
2,27,0.0,1
2,36,0.0,1
2,48,0.0026644932760728477,23
2,55,0.0067399528527336515,89
2,62,0.010958904109589041,10
2,69,0.017123287671232876,4
2,74,0.0,1
2,75,0.014265114841899268,28
2,84,0.010273972602739725,4
2,86,0.0273972602739726,2
2,88,-0.004906673075382518,36
2,97,0.0003089916572252579,7
2,109,0.0,1
2,115,-0.004133621725546747,15
2,116,0.0136986301369863,1
2,125,0.017166546503244416,100
2,131,0.00614400802482681,23
2,133,0.00684931506849315,16
2,134,0.0136986301369863,1
2,140,0.0036897239068662798,34
2,141,0.002069753640461231,147
3,6,-0.013890891612593126,15
3,12,-0.000640871585356083,18
3,17,-0.002833621166647104,43
3,51,-0.022891131939437624,4
3,64,0.0136986301369863,3
3,66,-0.0031542898341744745,8
3,73,0.00684931506849315,8
3,89,0.00684931506849315,6
3,98,0.0020781203613384797,34
3,107,0.01780821917808219,10
3,121,0.00228310502283105,6
3,129,-0.010310021629416011,10
3,135,-0.0003498876118580084,68
3,139,0.0019569471624266144,7
3,142,-0.019646719538572457,12
3,147,0.005955926146515783,23
4,34,0.003424657534246575,4
4,52,0.0273972602739726,1
4,54,0.0410958904109589,1
5,2,0.0958904109589041,1
5,5,0.0410958904109589,1
5,11,0.0273972602739726,2
5,14,0.0319634703196347,3
5,15,0.0136986301369863,1
5,36,0.0136986301369863,1
5,37,0.0273972602739726,2
5,44,0.0273972602739726,2
5,48,0.0136986301369863,1
5,49,0.0136986301369863,1
5,59,0.0684931506849315,1
5,64,0.0319634703196347,3
5,68,0.0136986301369863,5
5,73,0.0547945205479452,2
5,77,0.0684931506849315,1
5,85,0.0319634703196347,3
5,86,0.0684931506849315,1
5,87,0.0958904109589041,1
5,88,0.0273972602739726,2
5,96,0.0684931506849315,1
5,110,0.0273972602739726,2
5,116,0.0273972602739726,2
5,117,0.04794520547945205,4
5,121,0.0273972602739726,2
5,123,0.0273972602739726,2
5,129,0.0136986301369863,1
5,132,0.0273972602739726,2
5,134,0.0319634703196347,3
5,135,0.0136986301369863,1
5,148,0.0273972602739726,2
6,3,0.0037359900373599,11
6,6,0.003938356164383561,160
6,17,0.0015220700152207,27
6,51,0.0,3
6,64,0.003424657534246575,4
6,66,0.0037359900373599,33
6,73,0.025440313111545987,7
6,89,0.005870841487279843,7
6,98,0.00410958904109589,10
6,107,0.00821917808219178,5
6,121,0.0,2
6,129,0.004214963119072708,117
6,132,0.0,1
6,135,0.00958904109589041,10
6,139,0.0273972602739726,1
6,142,0.003424657534246575,4
6,147,0.0,2
7,1,0.0136986301369863,1
7,7,0.0049813200498132005,11
7,8,0.0,1
7,22,0.005479452054794521,5
7,24,0.0136986301369863,1
7,25,-0.0017509527242764477,21
7,38,-0.018312905551550098,5
7,39,0.003424657534246575,4
7,40,0.0033600413543551306,53
7,49,-0.0027959976787943776,41
7,62,-0.004966754786509649,18
7,67,0.0,1
7,69,0.010273972602739725,4
7,84,0.0053452005071725145,29
7,87,0.0,1
7,99,-0.004010454217736118,16
7,100,-0.0263157894736842,2
7,106,0.01780821917808219,10
7,110,0.0,2
7,111,0.0,1
7,113,-0.018312905551550098,5
7,125,0.008429926238145416,13
7,131,0.002273861682657647,13
7,137,0.0,1
7,140,0.0136986301369863,1
8,4,0.009784735812133072,7
8,7,0.0273972602739726,1
8,8,0.0136986301369863,1
8,24,0.0136986301369863,2
8,34,0.008561643835616438,8
8,52,0.005136986301369863,8
8,54,0.0273972602739726,24
8,59,0.003424657534246575,4
8,61,0.0,1
8,70,0.005046863734679163,19
8,82,0.00684931506849315,4
8,90,-0.009933509573019313,9
8,95,0.006488824801730353,19
8,102,0.0073059360730593605,15
8,103,0.00684931506849315,2
8,111,0.0064464141821112,17
8,118,0.0045662100456621,15
8,122,0.00684931506849315,2
8,128,0.00532724505327245,18
8,130,0.00684931506849315,2
9,1,0.0,1
9,2,0.00684931506849315,2
9,9,0.009282624369142033,72
9,15,0.0273972602739726,1
9,23,0.0045662100456621,3
9,28,0.02054794520547945,2
9,36,0.0136986301369863,2
9,52,0.002664493276072853,23
9,55,0.0136986301369863,2
9,57,0.00821917808219178,10
9,68,0.0,1
9,69,0.02054794520547945,4
9,73,0.0,1
9,75,0.0019133714158948508,26
9,84,0.003424657534246575,4
9,88,0.010958904109589041,5
9,97,0.0547945205479452,2
9,115,0.01004566210045662,15
9,125,0.010273972602739725,12
9,131,0.0136986301369863,9
9,133,0.00684931506849315,2
9,140,0.0045662100456621,3
9,141,0.0273972602739726,1
10,14,0.0,1
10,22,0.0,1
10,35,0.0,1
10,39,0.0,1
10,83,0.0273972602739726,1
10,94,0.136986301369863,1
10,99,0.045662100456621,3
10,110,0.03835616438356164,5
10,139,0.0,1
10,148,0.0136986301369863,1
11,2,0.0,1
11,5,0.0,1
11,11,0.0,2
11,14,0.0,2
11,15,0.0,1
11,16,0.0,1
11,22,0.0,1
11,25,0.0,1
11,27,0.0,1
11,31,0.0,1
11,35,0.0,1
11,36,0.0,1
11,37,0.0,3
11,39,0.0,1
11,41,0.0,1
11,44,0.0,2
11,48,0.0,1
11,49,0.0,1
11,50,0.02054794520547945,2
11,56,0.0,1
11,59,0.0,1
11,60,0.0,1
11,63,0.0,1
11,64,0.0,2
11,68,0.0,2
11,71,0.0,1
11,72,0.0,1
11,74,0.0,1
11,79,0.0,1
11,80,0.0,1
11,85,0.0,3
11,86,0.0,1
11,87,0.0,1
11,88,0.00684931506849315,2
11,94,0.0,1
11,96,0.0,1
11,97,0.0,1
11,99,0.0,1
11,102,0.0,1
11,103,0.0,1
11,104,0.0,1
11,110,0.0,3
11,112,0.0,1
11,113,0.0,1
11,116,0.003424657534246575,4
11,117,0.0,2
11,120,0.0,1
11,121,0.0,2
11,123,0.0,3
11,127,0.0,1
11,130,0.0,1
11,132,0.0,2
11,134,-0.007786589762076419,5
11,139,0.0,1
11,144,0.0,1
11,148,0.0,2
11,149,0.0,1
12,3,0.006368661379476088,24
12,6,-0.0019226147560682492,6
12,11,0.0,1
12,12,0.00684931506849315,2
12,17,0.007463122820008184,37
12,18,0.00684931506849315,12
12,51,0.0136986301369863,5
12,66,0.0030441400304414,9
12,73,-0.006308579668348949,4
12,89,0.00684931506849315,4
12,98,0.008709444844989186,50
12,107,0.00684931506849315,2
12,121,0.0,1
12,129,0.0,2
12,132,0.0,1
12,135,0.011535688536409516,19
12,139,-0.012977649603460699,3
12,142,0.0136986301369863,13
12,147,0.010273972602739725,4
13,58,0.0,2
13,80,0.0,1
13,86,0.0,1
13,119,0.0,1
14,1,-0.0263157894736842,2
14,2,0.012380265732825215,70
14,5,0.0273972602739726,1
14,9,0.0273972602739726,1
14,10,0.0,1
14,11,0.0136986301369863,2
14,14,0.004243953595071114,44
14,15,-0.009598053352559484,32
14,16,0.003350438949913059,17
14,19,0.0,1
14,25,-0.006385827582655272,14
14,26,0.0410958904109589,1
14,27,-0.0033427279281641274,11
14,30,0.0,3
14,33,0.0136986301369863,1
14,35,0.00021629416005767682,30
14,36,0.01930261519302615,22
14,40,-0.0175438596491228,3
14,42,0.0136986301369863,1
14,44,0.02446183953033268,14
14,48,-0.0032095262460171635,31
14,49,0.0032844668749499296,27
14,50,0.0273972602739726,1
14,53,0.0,1
14,55,0.0,1
14,63,-0.012912105918594756,11
14,64,0.0136986301369863,1
14,68,0.009784735812133072,7
14,72,0.00821917808219178,5
14,75,0.008507570295602023,15
14,80,-0.00367700072098054,10
14,83,0.00496204249544086,17
14,84,0.0,1
14,85,0.013033109644501143,52
14,86,-0.00367700072098054,10
14,87,-0.05263157894736845,2
14,88,0.00881456845826453,31
14,91,0.0,1
14,95,0.0273972602739726,1
14,97,-0.018024513338139876,8
14,99,-0.001538091804854607,15
14,100,0.0,1
14,101,0.00684931506849315,2
14,102,-0.005252858172829343,7
14,105,-0.0526315789473684,1
14,106,0.0,1
14,109,0.0,1
14,110,-0.001538091804854607,15
14,115,0.0410958904109589,3
14,116,0.0502283105022831,3
14,117,0.01126532083633742,16
14,118,0.0273972602739726,1
14,119,0.0,2
14,123,0.003031815576876863,39
14,124,0.0,2
14,125,0.00684931506849315,2
14,127,-0.002828462093061954,13
14,130,0.00684931506849315,4
14,134,0.025684931506849314,8
14,141,-0.012256669069935111,17
14,144,-0.004205719778899309,12
14,148,0.03131115459882583,7
15,9,0.0,1
15,13,0.0,1
15,14,-0.005683023028966454,51
15,15,0.0091324200913242,3
15,16,0.0136986301369863,3
15,24,0.008561643835616438,8
15,25,-0.0526315789473684,2
15,27,0.0,1
15,31,0.00684931506849315,2
15,35,-0.012617159336697912,8
15,36,0.01187214611872146,15
15,43,0.0027397260273972603,5
15,48,0.03767123287671233,4
15,52,0.0136986301369863,1
15,58,0.0045662100456621,3
15,63,0.009981074260994953,32
15,68,0.0,1
15,70,0.0,1
15,71,0.0,2
15,72,0.004782504205719777,30
15,75,0.002259072338380194,15
15,80,0.00731583188430383,34
15,85,0.011175198269646722,10
15,86,0.0074719800747198,11
15,88,0.0228310502283105,3
15,93,0.0136986301369863,2
15,101,-0.005561849830054586,7
15,102,0.00684931506849315,2
15,108,-0.0526315789473684,1
15,115,0.0,1
15,116,0.003424657534246575,4
15,117,0.0,1
15,119,0.005046863734679165,14
15,121,0.0136986301369863,1
15,123,0.0136986301369863,1
15,130,0.008933889219773674,23
15,133,0.0684931506849315,1
15,139,0.0045662100456621,3
15,148,0.0136986301369863,1
16,1,0.0,1
16,2,0.0136986301369863,1
16,5,0.003424657534246575,4
16,7,0.0,1
16,10,0.0,1
16,11,0.0027397260273972603,5
16,14,0.009315068493150684,25
16,15,0.0,3
16,16,0.008561643835616438,8
16,19,0.0,1
16,25,-0.002883922134102374,4
16,27,0.0,2
16,29,0.0,1
16,30,0.0,1
16,32,0.0,1
16,34,0.0,1
16,35,0.0019569471624266144,7
16,36,0.0,1
16,37,0.0,4
16,38,0.0,1
16,39,0.0,1
16,40,0.0,1
16,41,0.0,2
16,43,0.0,1
16,44,0.010763209393346379,14
16,45,0.0,1
16,46,0.0,1
16,47,0.0,1
16,48,0.0,3
16,49,0.0,2
16,56,0.0,1
16,58,0.0,1
16,59,0.0,1
16,60,0.0,1
16,61,0.0,1
16,63,0.0,2
16,64,0.0,1
16,68,0.011643835616438355,20
16,70,0.0,1
16,71,0.0,1
16,72,0.0,2
16,75,0.0,2
16,76,0.0,1
16,77,0.0,1
16,80,0.0045662100456621,3
16,81,0.0,1
16,82,0.0,1
16,83,0.0,1
16,85,0.012453300124533,11
16,86,0.00684931506849315,2
16,88,0.003913894324853229,7
16,96,0.0,1
16,97,0.0136986301369863,1
16,99,0.0,2
16,100,0.0,1
16,101,0.0,2
16,102,0.0,2
16,105,0.0,1
16,108,0.0,1
16,110,0.0,3
16,116,0.0136986301369863,1
16,117,0.0,4
16,119,0.0,1
16,121,0.0,1
16,122,0.0,1
16,123,0.010273972602739725,4
16,124,0.0,1
16,127,0.00684931506849315,2
16,128,0.0,1
16,130,0.0136986301369863,1
16,132,0.008561643835616438,16
16,134,0.0,6
16,137,0.0,1
16,141,0.00684931506849315,2
16,144,0.0,2
16,149,0.0,1
17,3,0.013066385669125399,65
17,6,0.02054794520547945,8
17,12,0.015806111696522653,13
17,17,0.0182648401826484,3
17,51,0.011741682974559686,14
17,64,0.0091324200913242,6
17,66,0.014059120403749103,6
17,73,0.00821917808219178,5
17,89,0.015077208299991285,91
17,98,0.010249233074628557,102
17,107,0.00871269433471775,71
17,121,0.010958904109589041,5
17,129,0.019569471624266144,7
17,132,0.0136986301369863,1
17,135,0.006659583349144309,114
17,142,0.0076686111293176925,11
17,147,0.010958904109589041,10
17,148,0.0426179604261796,9
18,12,0.015410958904109588,8
18,17,0.00684931506849315,2
18,18,-0.018618262012808005,17
18,20,0.0,1
18,66,0.0136986301369863,1
18,71,0.00821917808219178,5
18,89,0.0,1
18,108,0.0,1
19,14,-0.0526315789473684,1
19,25,-0.007786589762076419,5
19,29,0.005479452054794521,5
19,35,-0.0526315789473684,1
19,48,-0.07894736842105265,2
19,74,0.0,1
19,79,0.0136986301369863,1
19,80,0.0,2
19,99,0.0,1
19,100,0.0,3
19,109,0.007930785868781553,2
19,110,-0.01946647440519105,2
19,123,-0.01946647440519105,2
19,127,-0.0526315789473684,1
19,139,-0.006308579668348949,4
20,18,-0.012977649603460699,3
20,20,0.005479452054794521,10
20,31,-0.06867339581831293,4
20,50,0.0,1
20,71,-0.060418168709444865,5
20,108,0.0,1
21,23,0.0,1
21,35,-0.0038452295121364985,3
21,47,0.0273972602739726,1
21,62,0.0,2
21,69,0.0136986301369863,4
21,91,0.0136986301369863,1
21,105,0.0,1
22,7,0.0,4
22,10,0.0012453300124533001,11
22,21,0.0136986301369863,1
22,22,0.0,8
22,28,0.00684931506849315,2
22,30,0.0,2
22,32,0.0,2
22,35,0.0045662100456621,3
22,38,0.0017123287671232876,8
22,39,0.0030441400304414,9
22,40,0.0,1
22,41,0.0024906600249066002,11
22,46,0.0045662100456621,3
22,47,0.0,1
22,49,0.0,1
22,53,0.0,1
22,56,0.0,1
22,57,0.003424657534246575,4
22,58,0.0,1
22,67,0.009703196347031963,24
22,77,0.0,1
22,79,0.011350293542074364,35
22,81,0.0027397260273972603,10
22,83,0.0,1
22,87,0.0,3
22,94,0.0037359900373599,11
22,95,0.0,1
22,96,0.0027397260273972603,10
22,99,0.005046863734679163,19
22,106,0.0,1
22,109,0.0,1
22,110,0.00228310502283105,12
22,112,0.011930187318904656,53
22,113,0.003424657534246575,8
22,118,0.0,1
22,120,0.0,1
22,124,0.0,2
22,127,0.0027397260273972603,5
22,130,0.0,1
22,137,0.0024906600249066002,11
22,138,0.0,1
22,144,0.0,1
22,146,0.0027397260273972603,10
22,149,0.0,2
23,9,0.0,1
23,57,0.010273972602739725,4
23,62,0.0,1
23,77,0.01141552511415525,6
23,84,0.00684931506849315,2
23,139,0.0,1
23,144,0.0136986301369863,2
24,7,0.0136986301369863,1
24,8,0.00684931506849315,2
24,15,0.00684931506849315,2
24,31,0.0136986301369863,3
24,43,0.0045662100456621,3
24,52,0.0821917808219178,1
24,54,0.0136986301369863,1
24,59,-0.03936553713049748,5
24,71,0.0136986301369863,3
24,72,0.00874789714011055,30
24,75,-0.0526315789473684,1
24,76,0.0020067291516462408,60
24,90,0.0045662100456621,3
24,101,0.0136986301369863,1
24,103,0.0,1
24,111,0.0273972602739726,1
24,118,0.019610670511896182,5
24,122,0.0,1
24,130,0.0,1
25,5,0.0,1
25,7,-0.00712969638708644,45
25,14,-0.012977649603460699,6
25,15,0.0045662100456621,3
25,16,0.0201450443190975,17
25,19,0.011591148577449946,13
25,25,0.0,11
25,26,0.0,1
25,29,0.006278538812785388,24
25,30,0.0,1
25,33,0.0273972602739726,3
25,35,0.01917808219178082,5
25,44,0.002588975552205546,22
25,46,0.0,2
25,48,-0.002777895585054497,34
25,53,0.0,1
25,74,0.0021782816119283914,47
25,79,0.0027397260273972603,15
25,80,0.0228310502283105,3
25,83,0.00684931506849315,2
25,85,0.04129252146555679,11
25,99,0.0,1
25,100,0.009738959270321921,63
25,109,0.010273972602739725,4
25,110,0.0182648401826484,3
25,117,0.0,1
25,124,0.0410958904109589,2
25,127,0.02054794520547945,4
25,139,0.0,1
25,144,0.02054794520547945,4
25,148,-0.025955299206921436,3
26,5,0.0273972602739726,1
26,10,0.0136986301369863,1
26,11,0.0273972602739726,1
26,13,0.0136986301369863,1
26,14,0.005767844268204758,19
26,15,0.004280821917808219,16
26,19,0.0136986301369863,1
26,21,0.0136986301369863,1
26,23,0.0136986301369863,1
26,24,0.0136986301369863,1
26,25,0.0027397260273972603,15
26,26,0.0,1
26,27,-0.0021028598894496497,12
26,30,0.003424657534246575,8
26,31,0.0136986301369863,1
26,32,0.0136986301369863,1
26,33,0.003424657534246575,4
26,35,0.0045662100456621,9
26,38,0.0136986301369863,1
26,41,0.0136986301369863,1
26,43,0.0136986301369863,1
26,44,0.0136986301369863,2
26,46,0.0136986301369863,1
26,47,0.0136986301369863,1
26,48,0.0,3
26,49,0.001847512617159338,16
26,52,0.0136986301369863,1
26,53,0.0136986301369863,1
26,57,0.0136986301369863,1
26,58,0.003424657534246575,4
26,63,0.005479452054794521,5
26,68,-0.0015320836337418871,24
26,70,0.0136986301369863,1
26,71,0.0136986301369863,1
26,72,0.005479452054794521,5
26,76,0.0136986301369863,1
26,77,0.0136986301369863,1
26,80,0.005479452054794521,5
26,81,0.0136986301369863,1
26,83,0.0136986301369863,1
26,85,0.00560398505603985,22
26,86,0.00684931506849315,4
26,88,0.003424657534246575,4
26,91,0.0136986301369863,1
26,95,0.0136986301369863,1
26,96,0.0136986301369863,1
26,99,0.0045662100456621,3
26,100,0.0136986301369863,1
26,101,0.0136986301369863,1
26,102,0.00684931506849315,4
26,104,0.0136986301369863,1
26,105,0.0136986301369863,1
26,109,0.0136986301369863,1
26,110,0.003424657534246575,8
26,113,0.0136986301369863,1
26,116,0.0,2
26,117,0.0045662100456621,3
26,118,0.0136986301369863,1
26,119,0.0136986301369863,1
26,123,0.0136986301369863,1
26,124,0.0136986301369863,1
26,126,0.0136986301369863,1
26,127,0.0045662100456621,6
26,128,0.0136986301369863,1
26,130,0.0,4
26,132,0.0136986301369863,1
26,134,0.0,1
26,137,0.0136986301369863,1
26,138,0.0136986301369863,1
26,144,0.0045662100456621,6
26,145,0.0136986301369863,1
26,146,0.0136986301369863,1
26,149,0.0136986301369863,1
27,2,0.0,1
27,14,0.0,1
27,30,0.0,1
27,35,0.0,1
27,44,0.0136986301369863,1
27,58,0.00228310502283105,6
27,60,0.0048348106365834,17
27,85,0.0,1
27,99,0.0136986301369863,1
28,29,0.0,1
28,32,0.0136986301369863,1
28,53,0.02054794520547945,2
28,56,0.0136986301369863,1
28,57,0.0091324200913242,6
28,84,-0.010694544580629649,6
28,127,0.010958904109589041,5
29,10,0.0,1
29,19,0.007827788649706457,21
29,25,0.005160702766288469,19
29,29,0.0005407354001442013,4
29,30,-0.0263157894736842,2
29,35,0.0,1
29,48,0.005707762557077625,12
29,50,0.0,1
29,53,-0.0175438596491228,3
29,65,0.0,1
29,74,0.0050735667174023336,27
29,79,0.00684931506849315,2
29,83,0.0,1
29,91,0.0,1
29,100,0.0040168915439283154,21
29,109,0.0,2
29,110,0.0,1
29,127,-0.0263157894736842,2
29,148,0.0,1
29,149,0.0027397260273972603,5
30,10,0.0136986301369863,1
30,22,0.0045662100456621,3
30,25,0.00684931506849315,2
30,27,0.0,4
30,28,0.0,1
30,29,0.0136986301369863,1
30,30,0.0136986301369863,3
30,32,0.02054794520547945,2
30,35,0.0410958904109589,1
30,40,0.0136986301369863,1
30,46,0.0,1
30,48,0.0,1
30,49,0.0136986301369863,1
30,53,0.00821917808219178,5
30,58,0.0045662100456621,3
30,80,-0.0526315789473684,1
30,83,0.0136986301369863,1
30,91,0.0136986301369863,1
30,100,0.00684931506849315,2
30,109,0.0,1
30,119,0.0136986301369863,1
30,124,0.0136986301369863,2
30,127,0.010273972602739725,12
30,149,0.00684931506849315,4
31,20,0.0136986301369863,1
31,24,0.0,1
31,43,0.0,2
31,71,0.01643835616438356,10
32,57,-0.00809716599190283,13
33,7,0.0319634703196347,3
33,11,-0.0526315789473684,1
33,14,0.0,2
33,19,0.0,1
33,23,0.0273972602739726,1
33,33,-0.0016479555052013564,7
33,56,0.0273972602739726,1
33,62,0.0273972602739726,1
33,65,0.0136986301369863,2
33,77,0.0136986301369863,6
33,84,0.0136986301369863,1
33,85,0.00684931506849315,2
33,124,0.0136986301369863,6
33,127,0.0410958904109589,2
33,144,0.009252583513578468,18
34,4,0.0,5
34,8,0.0,2
34,52,0.0,2
34,54,0.0017123287671232876,8
34,70,0.0,2
34,82,0.0,1
34,90,0.0273972602739726,1
34,103,0.0273972602739726,1
35,14,0.01643835616438356,5
35,15,0.0136986301369863,3
35,16,0.0136986301369863,3
35,21,0.0,2
35,22,0.0,2
35,25,0.0,3
35,30,0.0,1
35,35,0.0,4
35,40,0.0,2
35,41,0.0136986301369863,1
35,44,0.00684931506849315,2
35,47,0.00228310502283105,6
35,62,0.0136986301369863,1
35,67,0.0,3
35,72,0.0,1
35,80,0.0,1
35,83,0.009483667017913592,13
35,85,0.02054794520547945,2
35,91,0.003424657534246575,4
35,97,0.0,1
35,99,0.0015220700152207,9
35,105,0.0,2
35,106,0.0,1
35,109,0.0,1
35,110,0.0,4
35,124,0.0,1
35,127,0.0,9
35,144,0.0,7
35,145,0.0,2
36,2,-0.012977649603460699,3
36,10,0.001141552511415525,12
36,14,0.005046863734679164,47
36,15,0.03576864535768645,18
36,35,0.0273972602739726,1
36,36,0.0,6
36,42,0.008226456119123277,317
36,49,0.0410958904109589,1
36,59,0.00684931506849315,2
36,63,0.0,3
36,68,0.01454578226387887,40
36,70,0.0,1
36,72,0.008429926238145416,13
36,75,0.001321797644796921,24
36,85,0.003284466874949934,9
36,86,0.0,1
36,88,-0.0041947958314216445,11
36,93,0.020198378886194315,66
36,99,0.001141552511415525,12
36,110,0.0076103500761035,18
36,114,0.0045662100456621,3
36,115,-0.004857754086541303,61
36,116,0.013283906821241495,339
36,118,0.003913894324853229,14
36,127,0.0410958904109589,1
36,128,0.0,1
36,129,0.0045662100456621,9
36,134,0.010610656908489889,159
36,139,0.003424657534246575,4
36,148,0.00684931506849315,2
37,5,0.0410958904109589,4
37,11,0.043835616438356165,5
37,64,0.0273972602739726,1
37,73,0.0258751902587519,9
37,85,0.0136986301369863,1
37,88,0.02511415525114155,18
37,89,0.0,1
37,97,0.010958904109589041,5
37,115,0.0136986301369863,12
37,132,0.0273972602739726,1
37,134,0.0,1
37,135,0.0273972602739726,1
38,7,-0.0263157894736842,2
38,10,-0.0131578947368421,4
38,38,-0.004205719778899299,6
38,39,0.0,1
38,41,-0.0263157894736842,2
38,42,0.001982696467195388,8
38,46,0.0,2
38,49,0.003350438949913059,17
38,60,0.0136986301369863,1
38,81,-0.0263157894736842,2
38,94,-0.0087719298245614,6
38,96,-0.012977649603460699,3
38,99,0.00010299721907508596,21
38,104,0.0045662100456621,3
38,110,0.0013217976447969255,12
38,113,-0.0011535688536409496,10
38,134,-0.0526315789473684,1
38,137,-0.0075187969924812,7
38,146,0.0026872910795044916,11
39,7,0.0,3
39,41,0.0,1
39,49,0.0,1
39,81,-0.009733237202595524,4
39,96,0.003424657534246575,4
39,99,0.00684931506849315,4
39,137,0.0,1
40,1,0.0045662100456621,6
40,2,0.0136986301369863,1
40,7,0.009252583513578468,18
40,14,0.0,1
40,21,0.0,3
40,25,0.0273972602739726,2
40,35,0.02054794520547945,2
40,40,0.0036529680365296802,30
40,49,0.00684931506849315,4
40,56,-0.0526315789473684,1
40,62,0.0029977611657116847,19
40,69,0.003771282790749266,26
40,74,0.0273972602739726,1
40,84,0.0136986301369863,5
40,110,0.0273972602739726,1
40,125,-0.009156452775775061,10
40,127,0.0273972602739726,1
40,131,0.02054794520547945,4
40,133,0.0045662100456621,6
40,140,0.003424657534246575,4
40,141,0.0,4
40,143,0.0136986301369863,1
40,144,0.0273972602739726,1
41,10,0.0045662100456621,3
41,22,0.0410958904109589,1
41,35,0.0136986301369863,3
41,81,0.009784735812133072,7
41,96,0.00684931506849315,2
41,99,0.005136986301369863,8
41,104,0.0273972602739726,1
41,110,0.0,1
41,118,0.0,2
41,137,0.0136986301369863,1
41,143,0.0,1
41,146,0.00684931506849315,2
42,3,0.0136986301369863,1
42,5,0.0,2
42,7,0.0,1
42,10,0.00684931506849315,2
42,11,0.0,1
42,12,0.03013698630136986,5
42,14,-0.014723181421470034,38
42,15,-0.0526315789473684,1
42,17,0.00684931506849315,2
42,24,0.0136986301369863,1
42,36,0.005681812868614161,771
42,38,0.012842465753424657,16
42,42,0.00922053993431067,180
42,49,0.009561575170803723,42
42,59,-0.012617159336697898,2
42,63,-0.0526315789473684,1
42,68,-0.009228550829127612,50
42,72,-0.0526315789473684,1
42,73,0.011986301369863013,16
42,75,0.0136986301369863,2
42,80,-0.0526315789473684,1
42,85,-0.028459757902326115,19
42,88,0.0,1
42,93,0.007969068021004144,113
42,98,0.017123287671232876,4
42,99,-0.0526315789473684,1
42,102,-0.0526315789473684,1
42,110,-0.006710664965892076,13
42,114,0.0,1
42,115,0.004845472524197155,179
42,116,0.0051498609537542605,658
42,117,0.0136986301369863,1
42,118,0.010258299112880476,92
42,129,-0.008651766402307139,18
42,134,0.007539630078381089,529
42,135,0.010917705221959005,28
42,139,0.00828391919132469,49
42,142,0.0136986301369863,1
42,148,-0.0526315789473684,1
43,13,0.0684931506849315,1
43,58,0.0684931506849315,1
43,71,-0.0526315789473684,1
43,72,0.0,3
43,101,0.0684931506849315,1
44,5,0.021917808219178082,10
44,11,0.0410958904109589,1
44,14,0.0026872910795044916,11
44,15,0.0136986301369863,1
44,16,0.0273972602739726,2
44,25,0.005136986301369863,8
44,27,0.0136986301369863,1
44,35,0.0228310502283105,3
44,37,0.0136986301369863,1
44,44,0.0319634703196347,3
44,48,-0.012617159336697912,8
44,68,-0.021052631578947358,5
44,80,0.02054794520547945,4
44,85,0.0002059944381501719,21
44,86,0.0136986301369863,2
44,88,0.0136986301369863,6
44,97,0.1232876712328767,2
44,99,0.02054794520547945,2
44,110,0.02054794520547945,2
44,116,0.1917808219178082,1
44,117,-0.00021028598894496197,24
44,123,0.0136986301369863,5
44,124,0.0821917808219178,1
44,127,0.0273972602739726,1
44,134,0.06464792117279501,3
44,148,0.020728190338860853,12
45,52,0.003424657534246575,4
45,122,0.0,1
46,32,0.0136986301369863,1
46,53,0.0136986301369863,1
46,57,0.0136986301369863,1
46,84,0.0136986301369863,1
46,109,0.0136986301369863,1
46,114,0.0072522159548751,17
46,124,-0.0026264290864146714,14
46,126,0.0136986301369863,1
46,127,0.0273972602739726,1
47,35,0.0,1
47,83,0.0,1
47,85,0.0273972602739726,1
47,96,0.0,1
47,110,0.0,1
48,2,0.00043258832011535314,15
48,14,0.00684931506849315,16
48,15,0.0,1
48,16,0.0045662100456621,3
48,19,0.02770625193119786,7
48,25,0.003424657534246575,8
48,29,0.02054794520547945,4
48,30,0.0136986301369863,1
48,33,0.0,3
48,35,0.0,1
48,44,0.0136986301369863,2
48,48,0.0,1
48,49,0.0,1
48,53,0.0136986301369863,1
48,63,0.0,1
48,68,0.0410958904109589,1
48,79,0.003913894324853229,14
48,80,0.0,2
48,85,0.0060882800608828,9
48,86,0.0,2
48,100,0.00684931506849315,2
48,109,0.0273972602739726,1
48,110,0.0,1
48,127,0.00684931506849315,2
48,141,0.0091324200913242,3
48,144,0.0,2
48,149,0.0136986301369863,1
49,7,0.005268703898840885,13
49,10,0.0,1
49,14,-0.004325883201153566,9
49,25,0.0,1
49,30,0.00684931506849315,2
49,35,0.0,1
49,36,0.0,1
49,38,0.0005407354001442013,4
49,40,0.00684931506849315,4
49,42,0.012602739726027396,25
49,49,0.0136986301369863,2
49,58,0.0,1
49,62,0.00684931506849315,8
49,67,0.0136986301369863,1
49,68,0.0,3
49,80,0.0,1
49,84,0.009069176184874586,38
49,87,0.005647680845950494,42
49,89,0.0273972602739726,1
49,99,0.0073794478137325595,17
49,106,0.01598173515981735,6
49,110,-0.002883922134102374,4
49,113,0.0410958904109589,1
49,119,0.0,2
49,127,0.0,1
49,131,0.0,1
49,144,0.0,1
49,146,0.0410958904109589,1
50,11,0.0684931506849315,1
50,13,0.0136986301369863,2
50,15,0.0136986301369863,1
50,50,0.0,1
50,63,0.00684931506849315,2
50,68,0.01761252446183953,7
50,86,0.005479452054794521,5
50,119,0.00684931506849315,2
50,132,0.08904109589041095,2
50,148,0.0273972602739726,1
51,3,0.005870841487279843,7
51,6,0.0091324200913242,3
51,12,0.0136986301369863,1
51,17,0.005479452054794521,30
51,51,0.0,2
51,68,-0.0526315789473684,1
51,73,0.0030441400304414,9
51,88,-0.0526315789473684,1
51,89,0.003161222339304531,13
51,98,0.0045662100456621,12
51,107,0.0027397260273972603,5
51,121,0.00684931506849315,2
51,135,0.0091324200913242,15
51,142,0.007534246575342465,20
52,8,0.003604902667627971,24
52,9,0.0136986301369863,8
52,34,0.00821917808219178,5
52,45,-0.002307137707281899,5
52,52,0.002357051744218289,26
52,54,0.0136986301369863,1
52,61,0.002357051744218289,26
52,70,0.00684931506849315,2
52,78,0.0034675730421945238,21
52,82,0.002357051744218289,26
52,90,0.0019033886085075686,25
52,95,0.0,1
52,102,0.0,1
52,122,0.002357051744218289,26
52,128,0.00684931506849315,2
52,136,0.0037616375662204915,23
53,19,0.0,1
53,28,0.0,1
53,30,0.0,1
53,53,0.0,1
53,109,0.0,4
53,126,0.0,1
53,127,0.0,1
53,149,0.0,1
54,4,0.0043258832011535695,29
54,8,0.016967075222302334,30
54,24,0.00821917808219178,5
54,34,0.002109535635130445,27
54,52,0.0091324200913242,6
54,59,0.0,1
54,70,0.004608006018620106,46
54,90,-0.008411439557798599,3
54,93,0.0136986301369863,6
54,95,0.0,3
54,102,0.0,2
54,103,0.00684931506849315,2
54,111,0.01643835616438356,5
54,118,0.0,1
54,128,0.004439722232762874,38
55,1,0.0072522159548751,17
55,2,0.003746360873572869,158
55,9,0.0136986301369863,2
55,14,-0.0128334534967556,5
55,69,0.0,1
55,75,0.004418912947414936,31
55,88,0.0,1
55,115,0.045662100456621,3
55,125,0.00025375292520733364,179
55,131,0.0088638195004029,17
55,133,0.0016021789633902115,27
55,140,0.005094929103580872,120
55,141,0.0013584791105377004,95
56,7,0.0,1
56,23,0.0,1
56,29,0.00684931506849315,2
56,56,0.003424657534246575,8
56,74,0.0,2
56,77,0.0,4
56,83,0.0,1
56,94,0.0136986301369863,1
56,130,-0.01946647440519105,2
56,144,0.00684931506849315,2
56,148,0.0958904109589041,3
57,9,0.0041410163976854705,39
57,12,0.0,1
57,21,0.0061643835616438354,20
57,22,0.0024906600249066002,11
57,23,0.004926700312424903,36
57,28,0.0046563326123528,24
57,30,0.003424657534246575,4
57,32,0.0034514035862967204,155
57,35,-0.0019226147560682492,6
57,46,0.00958904109589041,10
57,47,0.0136986301369863,1
57,53,0.00684931506849315,4
57,57,0.002203642114566134,124
57,65,0.0,1
57,83,0.0045662100456621,3
57,91,0.005479452054794521,5
57,109,0.0,1
57,113,0.0,1
57,121,0.0136986301369863,1
57,125,0.0,1
57,126,0.0011379331312271446,83
57,127,0.0073236443668652515,57
57,131,0.03835616438356164,5
57,138,0.0,2
57,139,0.0273972602739726,1
57,145,0.0,4
57,149,0.0,2
58,10,0.0014780100937274703,20
58,15,0.0,2
58,27,0.0049813200498132005,11
58,30,0.0026872910795044916,11
58,41,0.00684931506849315,2
58,43,0.0,1
58,49,0.0,8
58,60,0.003913894324853229,7
58,71,0.0,1
58,80,0.0136986301369863,2
58,81,0.003424657534246575,4
58,83,0.00684931506849315,2
58,91,0.02054794520547945,2
58,94,0.0,1
58,96,0.0,3
58,99,0.0030441400304414,9
58,101,0.0,4
58,104,0.0273972602739726,1
58,108,0.0045662100456621,3
58,110,0.0,1
58,119,0.017123287671232876,4
58,137,0.0,1
59,36,0.0,1
59,93,0.0,1
59,115,0.0410958904109589,1
60,27,0.0,1
60,30,0.0136986301369863,1
60,38,0.0136986301369863,1
60,52,0.0,1
60,118,0.0,1
60,128,0.0,1
61,34,0.0,1
61,45,0.0,1
61,54,-0.1052631578947369,1
62,2,0.0,3
62,7,0.00013954461939205193,31
62,21,-0.026315789473684226,4
62,35,0.00684931506849315,2
62,40,0.0,10
62,49,-0.001441961067051187,8
62,62,0.0024633501562124505,12
62,69,-0.00044486032919664227,47
62,77,-0.1052631578947369,1
62,84,-0.0131578947368421,4
62,87,0.00684931506849315,2
62,105,0.0,1
62,113,0.0136986301369863,1
62,115,-0.03947368421052633,4
62,131,-0.009906272530641675,50
62,137,0.00684931506849315,2
62,141,0.0,5
62,146,0.00684931506849315,2
63,2,0.0,1
63,13,0.0,1
63,15,0.00684931506849315,2
63,36,0.0136986301369863,2
63,50,0.0,1
63,63,0.011741682974559686,21
63,119,0.0091324200913242,3
64,3,0.03424657534246575,2
64,11,-0.1052631578947369,1
64,12,0.03424657534246575,2
64,17,0.03424657534246575,2
64,64,0.0,1
64,73,0.0027397260273972603,5
64,85,-0.1052631578947369,1
64,98,0.03424657534246575,2
64,121,-0.009166752497682567,21
64,129,0.01643835616438356,5
64,132,-0.0021629416005767878,16
64,135,0.018967334035827184,13
64,142,0.03424657534246575,2
64,147,0.0136986301369863,1
65,29,0.0,2
65,56,0.0,2
65,62,0.0,1
65,65,0.0,2
65,77,0.0045662100456621,6
65,84,0.0,1
65,113,0.0136986301369863,1
65,144,0.003424657534246575,4
66,3,0.00684931506849315,8
66,6,0.0024906600249066002,22
66,12,0.023483365949119372,7
66,17,0.0021404109589041095,32
66,51,0.0,2
66,66,-0.004784688995215309,11
66,89,0.0027397260273972603,5
66,98,0.0032232070910556,17
66,107,0.0,4
66,129,0.0,16
66,135,0.0017123287671232876,16
66,139,0.0,1
66,142,0.0,1
66,147,0.00684931506849315,2
67,22,-0.016025430949727994,22
67,29,0.0,1
67,35,0.0027397260273972603,5
67,39,0.0056704144663769765,37
67,67,0.0,1
67,74,0.0,1
67,79,-0.011175198269646726,8
67,87,0.0,1
67,99,0.0,1
67,112,0.0013571398278128843,68
67,120,-0.026315789473684226,4
67,139,0.0,1
68,5,0.02446183953033268,14
68,11,0.0045662100456621,6
68,14,0.0121765601217656,9
68,15,0.014383561643835613,40
68,25,0.02054794520547945,6
68,27,0.00684931506849315,2
68,30,0.0136986301369863,3
68,33,0.0273972602739726,1
68,35,0.02602739726027397,10
68,36,0.0015402765943501318,22
68,37,0.00684931506849315,2
68,42,0.0136986301369863,1
68,44,0.009887733031208159,21
68,49,0.00958904109589041,10
68,50,0.0273972602739726,2
68,63,0.0136986301369863,1
68,64,0.02054794520547945,2
68,68,0.00865176640230714,5
68,72,0.03767123287671233,4
68,75,0.0,1
68,80,0.0136986301369863,1
68,85,0.01221425845031596,17
68,88,0.02412361893255909,37
68,97,0.0,1
68,102,0.0136986301369863,1
68,110,0.01643835616438356,10
68,115,-0.012617159336697898,2
68,116,0.004998798365777453,15
68,117,0.010790675318433068,30
68,120,0.0136986301369863,1
68,123,0.023972602739726026,12
68,124,0.0,1
68,127,0.01643835616438356,10
68,132,0.0,1
68,134,0.005106945445806292,12
68,144,0.017123287671232876,4
68,148,0.0182648401826484,3
69,1,0.0,2
69,7,-0.0031542898341744745,16
69,9,0.003424657534246575,4
69,21,-0.005561849830054586,7
69,40,0.0014799074109209582,57
69,49,0.0,2
69,53,0.0,2
69,55,0.00684931506849315,2
69,62,-0.0010112454236462882,77
69,65,0.0045662100456621,3
69,69,0.00044189129474149356,31
69,83,0.0,1
69,84,0.0011582965948443986,61
69,87,0.0024906600249066002,11
69,105,0.003604902667627974,19
69,106,-0.003604902667627971,7
69,113,0.0,1
69,127,0.010273972602739725,4
69,131,0.0023246568604329927,107
69,133,0.0,1
69,140,0.0,7
69,143,0.0028839221341023804,15
69,144,0.0,1
69,146,-0.0526315789473684,1
70,8,0.011776015380918053,6
70,34,0.0045662100456621,3
70,52,0.005479452054794521,5
70,54,0.008080990146599376,24
70,93,-0.006308579668348949,4
70,95,0.0,2
70,102,0.0,5
70,111,0.0,4
70,118,0.0,2
70,128,0.009212529039493713,27
71,15,0.0,1
71,18,-0.006382012870837674,27
71,20,-0.008671252362672693,37
71,24,0.00684931506849315,2
71,31,-0.00849350238275274,41
71,43,-0.015064698516297954,19
71,50,-0.005587599134823363,16
71,58,-0.009733237202595524,4
71,63,0.0,2
71,75,0.0,1
71,80,0.0136986301369863,1
71,108,0.00684931506849315,2
71,119,-0.0175438596491228,3
72,14,0.0,1
72,15,0.003424657534246575,4
72,24,0.006322444678609062,13
72,31,0.02054794520547945,2
72,36,0.0045662100456621,9
72,43,0.003424657534246575,4
72,72,0.0045662100456621,3
72,76,0.0,3
72,130,0.010273972602739725,4
73,2,0.0273972602739726,1
73,3,0.009673155491468391,12
73,6,0.0006179833144505158,14
73,9,0.0136986301369863,1
73,12,0.028793004640156765,78
73,17,0.020021074815595362,13
73,36,0.0273972602739726,1
73,37,0.03835616438356164,5
73,42,0.0136986301369863,6
73,51,0.023483365949119372,7
73,55,0.0273972602739726,1
73,64,0.023431867339581827,26
73,66,0.023552030761836106,3
73,73,0.020728190338860853,12
73,75,0.0273972602739726,1
73,84,0.0,1
73,87,0.00684931506849315,2
73,88,0.0273972602739726,3
73,98,-0.009192501802451337,8
73,107,0.0,2
73,115,0.0136986301369863,3
73,116,0.0273972602739726,1
73,121,0.007349349954648001,31
73,129,0.021817068473397802,73
73,132,0.010355902208822173,11
73,134,0.0273972602739726,1
73,135,0.021430720583142694,127
73,139,0.016172904240676425,176
73,141,0.0273972602739726,1
73,142,0.011986301369863013,8
73,147,0.02054794520547945,4
74,7,0.0,1
74,19,0.0,2
74,25,0.0006100604514447348,26
74,29,0.0045662100456621,9
74,40,0.0,1
74,48,0.0,2
74,56,0.0,2
74,74,-0.0263157894736842,2
74,79,0.00684931506849315,18
74,83,0.0,3
74,100,0.0,5
74,139,0.004085556356645042,15
74,141,0.0,1
75,1,0.0136986301369863,4
75,2,0.003695025234318676,8
75,9,0.00684931506849315,12
75,14,0.0121765601217656,9
75,15,0.00324441240086518,28
75,27,0.0547945205479452,1
75,36,0.0091324200913242,3
75,55,0.006368661379476088,24
75,63,0.0136986301369863,1
75,68,-0.0175438596491228,3
75,72,0.0,1
75,75,0.008317025440313111,28
75,84,0.0273972602739726,2
75,85,-0.002883922134102374,4
75,88,0.0051590162621164785,45
75,97,0.00821917808219178,5
75,108,-0.0263157894736842,2
75,114,0.02054794520547945,2
75,115,-0.0025358625661934683,29
75,116,-0.019466474405191076,4
75,130,0.0136986301369863,2
75,131,0.0,1
75,134,-0.007786589762076419,5
75,141,0.015655577299412915,7
76,24,0.0,3
76,72,0.0,2
76,101,0.0,1
76,141,0.0,1
77,23,-0.038932948810382124,7
77,33,0.019569471624266144,7
77,39,0.00684931506849315,2
77,41,0.00684931506849315,2
77,56,-0.06820475847152127,5
77,62,-0.0263157894736842,2
77,65,-0.009733237202595524,8
77,67,0.0005407354001442013,4
77,77,0.0029560201874549406,10
77,91,0.0,1
77,96,-0.0013955822023214736,171
77,99,0.0,1
77,106,0.0136986301369863,1
77,109,0.003424657534246575,4
77,112,-0.0034513605169697445,108
77,139,0.0,2
77,144,0.005177951104411092,11
79,19,0.0,50
79,22,-0.0004933024703069837,19
79,25,0.0004806536890170632,57
79,29,0.0011609008590666356,59
79,48,0.0045662100456621,3
79,67,-0.0263157894736842,4
79,74,-0.0013465371729080955,68
79,79,0.0005169294391315585,53
79,100,0.0005268703898840885,52
79,112,0.0003089916572252579,7
79,139,0.0136986301369863,6
80,13,0.0,1
80,14,0.0,2
80,15,0.00036049026676280085,6
80,25,0.00684931506849315,2
80,35,0.005707762557077625,12
80,43,0.0,3
80,44,0.0182648401826484,6
80,48,0.0,1
80,53,0.0,1
80,58,0.0,2
80,63,0.0228310502283105,6
80,68,0.0136986301369863,1
80,71,0.010958904109589041,5
80,72,0.0,1
80,76,0.0091324200913242,3
80,83,0.0,1
80,85,0.01598173515981735,6
80,86,0.0,1
80,88,0.0273972602739726,1
80,99,0.0,1
80,101,0.01643835616438356,5
80,110,-0.0175438596491228,3
80,119,0.0,1
80,123,0.0136986301369863,1
80,127,0.0,1
80,144,0.0,1
81,39,0.0,1
81,41,0.0091324200913242,3
81,81,0.00684931506849315,2
81,96,0.0,1
81,99,0.0045662100456621,3
81,137,0.0273972602739726,1
82,8,0.0,2
82,24,0.00684931506849315,2
82,34,0.0136986301369863,4
82,52,0.000432588320115361,5
82,54,0.0,2
82,61,0.0,1
82,78,0.0,3
82,82,0.0,1
82,90,0.01643835616438356,5
82,103,0.0547945205479452,1
82,122,0.0136986301369863,4
83,10,0.0,1
83,14,0.00410958904109589,10
83,21,0.0,1
83,35,0.0,3
83,74,0.0045662100456621,3
83,83,0.0,1
83,112,0.0,1
84,2,0.007827788649706457,7
84,7,0.000881198429864617,18
84,14,0.0273972602739726,1
84,23,-0.2105263157894736,1
84,28,0.0007209805335255832,6
84,33,-0.0019226147560682492,6
84,40,0.0,4
84,49,0.00018539499433515522,70
84,55,0.0136986301369863,1
84,57,0.00684931506849315,2
84,62,0.0091324200913242,6
84,65,0.0136986301369863,1
84,69,0.0035679293069343543,39
84,73,0.007827788649706457,7
84,74,0.0136986301369863,1
84,75,0.0273972602739726,1
84,84,0.0091324200913242,27
84,87,0.0029232483450219574,110
84,88,-0.012617159336697898,2
84,97,0.00684931506849315,2
84,106,-0.0004572071676015948,41
84,115,0.0045662100456621,3
84,125,0.0,1
84,131,0.0,3
84,133,0.0,1
84,139,0.003072004012413405,23
84,141,0.0136986301369863,1
84,142,0.0,2
84,143,0.0,5
85,5,0.0547945205479452,1
85,11,0.0,1
85,14,0.018835616438356163,8
85,16,0.0,1
85,25,0.0091324200913242,3
85,33,0.0136986301369863,1
85,35,0.0684931506849315,1
85,44,0.003695025234318676,8
85,48,0.0,4
85,68,0.02379235760634463,7
85,80,0.0136986301369863,1
85,88,0.0136986301369863,1
85,110,0.0547945205479452,1
85,115,0.0,1
85,117,0.003424657534246575,4
85,123,0.0,1
85,127,0.0,1
85,134,0.0,1
85,145,-0.0526315789473684,1
85,148,0.0,1
86,14,0.0410958904109589,2
86,48,0.0,2
86,50,0.00684931506849315,4
86,72,0.0,1
86,86,-0.0526315789473684,1
86,130,0.04794520547945205,2
86,148,0.0273972602739726,1
87,7,0.0,1
87,22,0.00684931506849315,2
87,36,0.0136986301369863,1
87,40,-0.0263157894736842,2
87,41,0.003913894324853229,7
87,49,0.012442728562457848,62
87,62,0.00684931506849315,2
87,81,0.0091324200913242,3
87,84,0.002576618955878354,61
87,87,0.0136986301369863,3
87,99,0.00684931506849315,6
87,106,0.015584271532360933,52
87,110,0.0,1
87,137,0.0091324200913242,3
87,139,0.0273972602739726,1
87,143,0.0088638195004029,17
88,1,0.005912040374909881,5
88,2,0.00308183835899176,51
88,9,0.01568132660418169,8
88,14,-0.0012617159336697859,24
88,15,0.0136986301369863,1
88,16,0.00684931506849315,6
88,36,0.02054794520547945,2
88,37,-0.0064167267483778,10
88,44,0.0045662100456621,3
88,48,-0.0526315789473684,2
88,51,-0.012977649603460699,3
88,55,0.0,5
88,62,0.0,1
88,68,0.012393998695368558,21
88,69,0.005912040374909881,5
88,73,0.0,1
88,75,0.005104542177361211,50
88,84,0.01568132660418169,8
88,85,0.0197869101978691,9
88,88,-0.009733237202595524,4
88,97,0.009805335255948091,20
88,115,0.006677653036701342,42
88,116,0.0136986301369863,5
88,117,0.017123287671232876,4
88,125,0.017921516119064788,7
88,131,0.015284787310742612,10
88,133,0.005912040374909881,5
88,134,0.007119682768565251,8
88,140,0.005912040374909881,5
88,141,0.005912040374909881,5
88,148,0.0136986301369863,1
89,3,0.0017123287671232876,8
89,12,0.0273972602739726,2
89,17,0.003701033405431387,45
89,18,0.0,3
89,51,0.00410958904109589,10
89,66,0.0,1
89,89,0.0,4
89,98,0.003913894324853229,14
89,107,0.006025337315892472,14
89,121,0.01643835616438356,5
89,135,0.008806262230919765,14
89,142,0.01643835616438356,5
89,147,0.0410958904109589,2
90,8,0.0273972602739726,2
90,54,0.0,1
91,21,0.010958904109589041,5
91,35,0.0091324200913242,15
91,38,0.0,1
91,40,0.0106544901065449,9
91,47,0.0,2
91,53,0.005870841487279843,7
91,58,0.0136986301369863,1
91,77,0.00410958904109589,10
91,80,0.0,1
91,81,0.005870841487279843,7
91,83,0.0,2
91,91,0.007742703990470517,23
91,96,0.005870841487279843,7
91,99,0.005870841487279843,7
91,106,0.0,1
91,109,0.0,1
91,112,0.00684931506849315,2
91,127,0.0045662100456621,6
91,137,0.0,2
91,146,0.00684931506849315,8
92,92,0.0,1
93,7,-0.002883922134102374,4
93,10,0.012328767123287671,10
93,15,-0.012617159336697898,2
93,24,-0.006200432588320108,10
93,26,-0.0526315789473684,1
93,36,-0.0003204357926780424,117
93,37,0.0,1
93,42,-0.0009737918894371666,77
93,52,0.0136986301369863,3
93,54,0.0273972602739726,1
93,59,-0.010526315789473679,5
93,60,0.0091324200913242,3
93,65,0.0,1
93,68,-0.0263157894736842,2
93,70,-0.025955299206921415,6
93,75,-0.05236121124729633,8
93,85,0.0,1
93,88,0.011591148577449946,13
93,93,0.0121765601217656,18
93,95,-0.030521509252583515,6
93,99,0.012328767123287671,10
93,102,-0.008231194424417207,12
93,110,0.011741682974559686,14
93,111,0.0273972602739726,1
93,115,0.003707899886703059,84
93,116,-0.00011771110751438283,49
93,117,0.0112079701120797,11
93,118,0.0038318780207749208,54
93,128,-0.020290452157791742,7
93,129,0.010273972602739725,4
93,134,0.0034847392453737107,30
94,10,0.008561643835616438,8
94,22,0.0003089916572252579,7
94,38,-0.0175438596491228,3
94,41,0.0136986301369863,2
94,56,-0.05263157894736845,2
94,65,0.0,1
94,83,0.0,1
94,94,0.0,1
94,99,0.02054794520547945,2
94,104,0.00684931506849315,2
94,110,0.0136986301369863,3
94,139,0.0,1
94,146,0.0,1
95,95,0.0410958904109589,1
95,102,0.0,2
95,118,0.0,1
95,128,0.0,1
96,10,0.0,3
96,22,0.003424657534246575,4
96,38,-0.0019226147560682492,6
96,39,-0.00657894736842105,8
96,41,0.008881169299338007,44
96,58,0.0,2
96,60,0.0073761854583772385,13
96,65,0.0,3
96,77,-0.000856610534881892,101
96,79,-0.0263157894736842,2
96,81,-0.015573179524152849,10
96,91,0.0,1
96,94,0.0,4
96,95,0.0,1
96,96,-0.0018700432588320084,64
96,99,0.0043586550435865505,22
96,104,0.0,3
96,106,5.546004104042823e-05,26
96,110,0.0091324200913242,9
96,112,0.0017154364418367637,29
96,113,0.0,7
96,118,0.0,2
96,137,-0.011215252743731478,9
96,139,0.001638592121649078,22
96,146,0.005287190579187692,21
97,2,0.01761252446183953,7
97,14,-0.0038452295121365106,9
97,35,0.0136986301369863,1
97,37,0.0410958904109589,3
97,44,0.02054794520547945,2
97,48,-0.1052631578947369,1
97,64,0.0136986301369863,1
97,75,0.0136986301369863,6
97,83,0.0,1
97,85,0.0136986301369863,1
97,88,0.006700877899826118,17
97,97,0.012545061283345352,10
97,115,0.01018985820716174,15
97,123,0.0045662100456621,3
97,134,0.03424657534246575,4
97,141,-0.0457822638788753,2
97,148,0.0,2
98,3,0.0013897161008536827,69
98,6,0.0091324200913242,3
98,12,0.0035895626562763667,47
98,17,0.0008326817429450521,71
98,42,0.0273972602739726,1
98,51,0.005479452054794521,5
98,64,0.0,2
98,66,0.0060882800608828,9
98,89,0.002867155144950621,43
98,98,0.0008501113753510747,67
98,107,0.0007404664938911513,37
98,121,0.0091324200913242,3
98,129,0.0,4
98,135,0.0005546004104043039,78
98,139,0.0045662100456621,3
98,142,0.00684931506849315,4
98,147,0.003424657534246575,4
99,7,0.07876712328767123,8
99,10,0.005641185525828642,74
99,14,0.030821917808219176,4
99,19,0.0,1
99,22,0.009483667017913592,13
99,23,0.0,1
99,25,0.0,5
99,27,0.0,1
99,35,0.0001272318588574591,17
99,38,0.00410478250420572,75
99,39,0.004561840466671037,55
99,41,0.005003820120737338,67
99,44,0.00684931506849315,2
99,49,0.006212704597401403,47
99,58,0.010958904109589041,5
99,60,0.0136986301369863,1
99,67,0.0,1
99,77,0.010763209393346379,14
99,80,0.0136986301369863,1
99,81,0.006305524666088253,59
99,83,0.0273972602739726,1
99,87,0.0273972602739726,2
99,91,0.0,2
99,94,0.005034433035825275,58
99,95,-0.003604902667627971,7
99,96,0.00489842656601213,68
99,99,0.0136986301369863,3
99,102,-0.03936553713049748,5
99,104,0.00870868591811179,76
99,109,0.0,1
99,110,0.009129298963473441,77
99,112,0.010958904109589041,5
99,113,0.00563266041816871,64
99,118,-0.0070787179655240175,11
99,127,0.003424657534246575,4
99,137,0.004634874858378824,63
99,139,0.005363083266927232,57
99,144,0.0,4
99,146,0.004971537410280968,67
99,149,0.0,1
100,7,0.00684931506849315,2
100,19,0.0,2
100,25,0.0,3
100,29,0.0091324200913242,3
100,124,0.0,1
101,15,-0.0175438596491228,3
101,27,0.0,2
101,43,0.0,3
101,72,0.0,1
101,76,0.0,1
101,80,0.0,1
101,119,0.0,1
102,10,0.0136986301369863,1
102,15,0.0273972602739726,2
102,59,0.0,1
102,63,0.0136986301369863,1
102,95,0.00684931506849315,4
102,99,0.02054794520547945,2
103,4,-0.0526315789473684,1
103,54,-0.0526315789473684,1
103,90,0.0,2
103,103,0.0,1
104,7,0.0684931506849315,1
104,10,0.0319634703196347,3
104,19,0.0684931506849315,1
104,22,0.0273972602739726,1
104,35,0.0684931506849315,1
104,38,0.0365296803652968,3
104,39,0.04794520547945205,2
104,41,0.023972602739726026,4
104,47,0.04794520547945205,2
104,49,0.0684931506849315,1
104,58,0.0410958904109589,2
104,67,0.0273972602739726,1
104,74,0.023972602739726026,4
104,77,0.04794520547945205,2
104,79,0.04794520547945205,2
104,81,0.04794520547945205,2
104,94,0.0319634703196347,3
104,95,0.014239365537130502,4
104,96,0.04794520547945205,2
104,99,0.02054794520547945,10
104,104,0.0,1
104,106,0.0273972602739726,1
104,109,0.0684931506849315,1
104,110,0.04794520547945205,2
104,112,0.04794520547945205,2
104,113,0.04794520547945205,2
104,118,0.0547945205479452,2
104,120,0.0273972602739726,1
104,127,0.0684931506849315,1
104,137,0.04794520547945205,2
104,139,0.0066552049248516385,13
104,146,0.030821917808219176,4
105,14,-0.0526315789473684,1
105,40,-0.0175438596491228,3
105,69,0.006488824801730355,13
105,83,0.0136986301369863,1
105,105,-0.0263157894736842,4
105,124,0.0,1
106,7,0.0136986301369863,1
106,35,0.0,1
106,40,-0.0263157894736842,2
106,41,0.00454217736121124,10
106,49,-0.0064888248017303495,6
106,62,0.003424657534246575,4
106,69,0.0,1
106,81,0.0,1
106,84,0.007840663302090845,16
106,87,0.022036926742108397,23
106,137,0.0,1
106,139,0.0,1
106,143,0.015220700152207,18
107,3,0.0,6
107,17,0.0049813200498132005,11
107,38,0.0136986301369863,1
107,51,0.0,2
107,84,0.0136986301369863,1
107,89,0.0,4
107,98,0.00684931506849315,6
107,107,0.0045662100456621,3
107,113,0.0136986301369863,1
107,135,-0.0131578947368421,4
107,142,0.0,1
108,13,0.0,2
108,18,0.0,6
108,20,0.0,5
108,50,0.0,5
108,63,0.0,3
108,108,0.003913894324853229,7
108,119,0.0,1
109,2,0.0136986301369863,1
109,14,-0.025955299206921398,3
109,19,0.0,2
109,25,0.00684931506849315,4
109,29,0.0,1
109,30,0.0,1
109,35,0.0,1
109,44,0.0273972602739726,2
109,53,0.0,3
109,77,0.0136986301369863,2
109,99,0.0273972602739726,1
109,109,0.0273972602739726,2
109,124,0.0,2
109,126,0.0,1
109,127,0.0273972602739726,1
109,146,0.0273972602739726,1
110,2,-0.0526315789473684,1
110,10,0.009754442512405107,51
110,22,0.0,1
110,30,0.0,1
110,35,0.00821917808219178,10
110,36,0.0,4
110,38,0.01685985247629083,13
110,41,0.0030441400304414,9
110,42,0.0091324200913242,3
110,47,-0.0175438596491228,3
110,48,0.0,1
110,49,0.003424657534246575,4
110,60,0.0,3
110,68,0.0,2
110,74,-0.0526315789473684,1
110,80,0.0045662100456621,3
110,81,0.00958904109589041,20
110,85,0.0410958904109589,1
110,87,0.0,1
110,93,0.0,1
110,94,0.0,16
110,96,0.0032232070910556,17
110,99,0.0008777154321181184,46
110,104,0.0,3
110,106,0.0136986301369863,3
110,113,0.00684931506849315,6
110,115,0.0,2
110,116,0.0,1
110,118,0.0027397260273972603,5
110,123,0.0,1
110,127,0.010273972602739725,4
110,132,0.0,1
110,134,0.0,2
110,137,0.0045662100456621,6
110,139,0.0,2
110,144,0.0136986301369863,4
110,146,0.01568132660418169,8
111,8,0.0,1
111,24,0.0821917808219178,1
111,34,0.0,1
111,90,0.0821917808219178,1
111,103,0.0821917808219178,1
111,118,0.0136986301369863,1
112,21,0.0,1
112,22,0.00544340302811824,80
112,28,0.0,4
112,30,0.0,5
112,32,0.0,4
112,35,-0.0526315789473684,1
112,38,-0.021389089161259336,3
112,39,0.007970840342866296,18
112,40,0.0,2
112,46,0.0,2
112,47,0.0,2
112,53,0.0,4
112,57,0.0,4
112,67,0.01646103869802257,89
112,77,0.0032514808374683696,51
112,79,-0.002035709741719329,34
112,83,-0.004325883201153566,9
112,91,-0.0131578947368421,4
112,96,0.0003460706560922849,25
112,99,0.01643835616438356,10
112,104,0.00684931506849315,2
112,109,0.0,4
112,110,0.00684931506849315,2
112,112,0.0030441400304414,9
112,120,0.0,5
112,124,0.0,4
112,127,0.0,4
112,138,0.0,4
112,146,-0.021389089161259336,3
112,149,0.0,4
113,7,0.0,2
113,38,0.0,3
113,41,-0.2191780821917808,4
113,49,0.0,1
113,57,0.0136986301369863,1
113,60,0.0,1
113,65,0.0136986301369863,2
113,81,-0.13157894736842105,2
113,96,-0.5,2
113,99,0.0,3
113,106,0.0547945205479452,1
113,110,0.011391492429704402,5
113,137,-0.08771929824561403,3
113,143,0.0547945205479452,1
113,146,-0.10616438356164384,8
114,36,0.0045662100456621,3
114,42,0.0,1
115,1,0.0,2
115,2,0.0045662100456621,6
115,9,0.0,4
115,12,0.0,1
115,14,0.0,4
115,15,0.02054794520547945,6
115,16,0.0,2
115,36,0.00410958904109589,20
115,37,0.006575342465753424,25
115,42,0.0026872910795044916,11
115,46,0.0,1
115,55,0.0136986301369863,1
115,59,0.0,1
115,68,0.00684931506849315,6
115,72,0.0410958904109589,1
115,73,0.0,1
115,75,0.005268703898840885,26
115,80,0.0410958904109589,1
115,84,-0.01946647440519105,2
115,85,0.003424657534246575,8
115,88,0.004660986829411944,71
115,93,0.00684931506849315,4
115,97,0.001966310545978896,22
115,99,0.0410958904109589,1
115,102,0.0410958904109589,1
115,110,0.0410958904109589,1
115,115,0.0013003398908229464,56
115,116,0.0045662100456621,12
115,117,0.0,3
115,125,0.00684931506849315,2
115,127,0.0,1
115,131,0.0,1
115,134,0.0061643835616438354,20
115,141,0.0,1
115,145,0.0,1
115,148,0.0410958904109589,1
116,2,0.0821917808219178,2
116,5,0.0021629416005767496,2
116,11,0.018985820716173985,6
116,14,-0.004743292983721026,19
116,15,0.01773612112472962,5
116,26,0.0,1
116,36,0.006888576384675239,101
116,37,-0.1052631578947369,1
116,38,0.0,1
116,42,0.010342132527127658,119
116,44,0.017736121124729626,5
116,68,-0.0064373261921928295,14
116,85,-0.028278458703837234,9
116,86,0.0273972602739726,1
116,88,0.0008651766402306999,5
116,93,0.010958904109589041,5
116,110,0.0,1
116,115,0.0,3
116,116,0.007879287259243995,28
116,117,-0.1052631578947369,1
116,132,-0.1052631578947369,1
116,134,0.012096958192255395,158
116,148,0.0136986301369863,2
117,11,0.0,1
117,14,0.004926700312424901,6
117,37,0.0136986301369863,2
117,40,0.0,2
117,44,0.02054794520547945,4
117,48,0.0,1
117,68,-0.0051670271569334335,12
117,85,0.002273861682657647,13
117,88,0.0136986301369863,3
117,115,0.0136986301369863,1
117,117,0.0019569471624266144,7
117,123,-0.0199814605005665,7
117,129,0.0,1
117,130,0.0,1
117,134,0.0,1
117,148,0.0547945205479452,1
118,42,-0.0175438596491228,3
118,99,0.0,1
119,15,0.03424657534246575,2
120,22,0.00821917808219178,5
120,30,0.0,2
120,39,0.0,1
120,67,0.00684931506849315,4
120,74,0.00684931506849315,2
120,79,0.0015220700152207,9
120,112,0.00684931506849315,2
120,130,0.0136986301369863,1
120,139,0.003424657534246575,8
121,3,0.0091324200913242,9
121,5,0.0,1
121,6,0.0,1
121,12,0.0273972602739726,1
121,17,-0.014728602327737159,7
121,51,-0.026315789473684226,4
121,63,0.0273972602739726,1
121,64,-0.0017747213132937728,26
121,73,0.004501732111769566,41
121,89,0.0136986301369863,1
121,98,0.0045662100456621,3
121,107,0.0,1
121,121,0.0045662100456621,3
121,123,0.003424657534246575,4
121,129,-0.0016479555052013564,14
121,132,0.0053816046966731895,28
121,134,0.0,1
121,135,-0.005960105743811587,15
121,141,0.0,1
121,142,0.0,2
121,147,0.004070417657778359,127
122,8,0.0,3
122,52,0.0,3
122,61,0.0,3
122,70,0.0,1
122,78,0.003424657534246575,4
122,82,0.003424657534246575,4
122,90,0.0,3
122,122,0.0,2
122,128,0.0,1
122,136,0.0,2
123,2,0.0684931506849315,1
123,5,0.021088680605623654,4
123,10,0.00684931506849315,2
123,11,0.06164383561643835,2
123,13,0.00684931506849315,2
123,14,0.014535897853338602,62
123,15,0.0,1
123,16,0.00821917808219178,5
123,18,0.00684931506849315,2
123,19,0.00684931506849315,2
123,20,0.00684931506849315,2
123,22,0.0236612702366127,11
123,23,0.00684931506849315,2
123,24,0.00684931506849315,2
123,25,0.00684931506849315,2
123,29,0.00684931506849315,2
123,31,0.00684931506849315,2
123,33,0.00684931506849315,2
123,35,0.00821917808219178,5
123,37,0.0547945205479452,1
123,39,0.0365296803652968,3
123,40,0.0319634703196347,6
123,41,0.0228310502283105,3
123,43,0.00684931506849315,2
123,44,0.008136780306931716,7
123,47,0.00684931506849315,2
123,48,0.0136986301369863,5
123,49,0.0,1
123,50,0.00684931506849315,2
123,53,0.00684931506849315,2
123,63,0.00684931506849315,2
123,65,0.02968036529680365,6
123,67,0.0410958904109589,4
123,68,0.0012617159336697917,32
123,71,0.00684931506849315,2
123,72,0.00684931506849315,2
123,74,0.0091324200913242,3
123,75,0.0,1
123,76,0.00684931506849315,2
123,77,0.02054794520547945,4
123,79,0.00684931506849315,2
123,80,0.0091324200913242,3
123,81,0.00684931506849315,2
123,83,0.0045662100456621,3
123,85,0.011595770247536651,12
123,86,0.00684931506849315,2
123,88,0.0547945205479452,1
123,91,0.00684931506849315,2
123,99,0.0,1
123,100,0.00684931506849315,2
123,101,0.00684931506849315,2
123,104,0.0136986301369863,1
123,105,0.00684931506849315,2
123,108,0.00684931506849315,2
123,109,0.00684931506849315,2
123,110,0.00684931506849315,2
123,112,0.02054794520547945,6
123,113,0.03881278538812785,6
123,117,0.016870944484498922,10
123,119,0.00684931506849315,2
123,120,0.04794520547945205,2
123,121,0.0547945205479452,1
123,123,0.0149439601494396,11
123,124,0.00684931506849315,2
123,126,0.00684931506849315,2
123,127,0.0045662100456621,3
123,130,0.028203062046736505,34
123,132,0.0547945205479452,1
123,134,0.021917808219178082,5
123,139,0.0136986301369863,1
123,143,0.0547945205479452,1
123,144,0.0045662100456621,3
123,145,0.00684931506849315,2
123,148,0.04794520547945205,4
124,14,0.00684931506849315,2
124,25,0.00684931506849315,2
124,29,0.0,1
124,30,0.003424657534246575,4
124,33,0.0,1
124,35,0.0136986301369863,1
124,44,0.030821917808219176,4
124,53,0.00684931506849315,2
124,68,0.0136986301369863,1
124,85,0.0,1
124,100,0.00684931506849315,2
124,109,0.0,1
124,124,0.00684931506849315,10
124,127,0.0136986301369863,3
124,144,0.0,2
124,145,0.0,1
125,1,0.007217952007951159,177
125,2,0.005583557764119748,223
125,7,0.0012201209028894697,13
125,9,-0.005561849830054586,7
125,15,0.0,2
125,19,0.0,1
125,25,-0.006308579668348949,4
125,40,0.005270616314049176,29
125,49,0.0136986301369863,1
125,55,0.004109172289342411,173
125,56,0.0,1
125,69,0.0,2
125,75,0.0,4
125,97,0.0136986301369863,1
125,100,0.0,1
125,115,0.008561643835616438,8
125,125,0.00684931506849315,8
125,127,0.0,1
125,131,0.0,3
125,133,0.004684466112007574,189
125,140,0.004815119991760229,252
125,141,0.0038410859458518822,174
126,2,0.0,1
126,19,0.0136986301369863,1
126,57,0.0091324200913242,3
126,74,0.0,1
126,127,0.0091324200913242,3
127,14,0.02054794520547945,2
127,15,0.0684931506849315,1
127,16,0.0136986301369863,3
127,19,0.021917808219178082,5
127,22,0.00684931506849315,2
127,25,0.018967334035827184,13
127,28,0.005870841487279843,7
127,29,0.0045662100456621,3
127,30,0.004214963119072708,13
127,32,0.0049813200498132005,11
127,33,0.011986301369863013,8
127,35,-0.004877221256202553,34
127,40,0.0,1
127,44,0.0136986301369863,2
127,46,0.006957462148521991,20
127,47,0.010273972602739725,12
127,53,0.01808219178082192,25
127,56,0.0136986301369863,1
127,57,0.009962640099626401,11
127,68,0.02054794520547945,2
127,69,0.0228310502283105,3
127,80,0.02831050228310502,15
127,99,0.01004566210045662,15
127,100,0.02054794520547945,8
127,109,0.01750380517503805,18
127,110,-0.01740184833191322,22
127,113,0.0,1
127,123,0.0,1
127,124,0.014982876712328766,32
127,125,0.0,1
127,126,0.015655577299412915,7
127,130,0.0,1
127,144,0.011067051189617882,20
127,146,0.0273972602739726,1
127,149,0.00684931506849315,2
128,36,0.0,2
128,52,0.1232876712328767,1
128,54,0.0045662100456621,3
128,70,0.007827788649706457,21
128,95,0.0,2
128,102,0.0,3
128,118,0.0,4
129,2,0.0136986301369863,2
129,3,0.017123287671232876,8
129,6,0.024963950973323712,48
129,12,0.0136986301369863,5
129,14,0.00684931506849315,2
129,17,0.00684931506849315,10
129,36,0.0,9
129,42,0.00228310502283105,6
129,64,0.006645559700322875,23
129,66,0.03131115459882583,7
129,73,0.009372746935832732,28
129,93,0.0,4
129,98,0.01598173515981735,6
129,116,0.0,9
129,121,0.0039281008378291,29
129,129,0.010781936160450938,22
129,132,0.007671232876712329,25
129,134,-0.0008520679032575173,22
129,135,0.010273972602739725,20
129,139,0.00657364604096866,17
129,142,0.003072004012413405,23
129,147,-0.009166752497682572,7
130,14,0.00684931506849315,2
130,15,0.00684931506849315,6
130,22,0.0,1
130,27,0.0136986301369863,1
130,56,0.0,1
130,63,0.003424657534246575,4
130,70,0.0410958904109589,1
130,71,-0.0526315789473684,1
130,72,-0.009733237202595524,4
130,75,0.0228310502283105,3
130,79,0.0,1
130,80,0.00684931506849315,2
130,83,0.0,1
130,86,0.0,1
130,119,0.00684931506849315,2
130,123,0.010273972602739725,12
130,130,0.00186799501867995,22
130,133,0.0,2
131,2,0.005912040374909881,5
131,7,0.0045662100456621,6
131,9,0.0821917808219178,1
131,40,0.0045662100456621,6
131,49,0.0,2
131,53,-0.0526315789473684,1
131,57,0.0821917808219178,1
131,62,0.00228310502283105,12
131,69,0.0032232070910556,17
131,84,0.003424657534246575,8
131,125,-0.009733237202595524,4
131,141,0.005046863734679165,14
132,3,0.0273972602739726,3
132,5,0.0273972602739726,3
132,6,0.0,1
132,11,0.0136986301369863,5
132,12,0.0,2
132,15,0.0,1
132,17,0.0410958904109589,2
132,35,0.0,1
132,37,0.0547945205479452,1
132,44,-0.05263157894736844,3
132,48,0.0,1
132,50,0.02054794520547945,2
132,64,0.01187214611872146,15
132,73,0.0076103500761035,9
132,85,0.0182648401826484,6
132,89,0.0,1
132,98,0.0410958904109589,2
132,107,0.0,1
132,117,0.0136986301369863,3
132,121,-0.002195713443009763,22
132,123,0.0,1
132,127,0.0,1
132,129,0.011281224818694601,17
132,132,0.00821917808219178,5
132,134,0.0045662100456621,3
132,135,0.013938956981494836,9
132,147,0.0,3
132,148,0.04794520547945205,2
133,1,0.006613131790269249,29
133,2,0.009845890410958905,64
133,7,-0.0526315789473684,1
133,9,0.0032615786040443573,21
133,15,0.00228310502283105,18
133,40,0.010253945365697351,63
133,55,0.010844748858447488,48
133,57,0.010273972602739725,4
133,63,0.0,3
133,69,0.0,1
133,70,0.0017123287671232876,16
133,72,0.0,3
133,75,0.0,14
133,80,0.0,3
133,84,0.0027397260273972603,15
133,86,0.0,3
133,105,0.0,2
133,110,0.0136986301369863,1
133,125,0.005275881080622594,170
133,128,0.0017123287671232876,16
133,130,0.0,3
133,131,0.0136986301369863,1
133,140,0.006340931358955877,117
133,141,0.007806746207099725,93
134,5,0.0038302090843547187,16
134,11,0.0031033509921319065,46
134,14,-0.0062004325883201206,10
134,15,0.0273972602739726,1
134,16,0.0,6
134,36,0.00370434825845909,87
134,37,0.004555286098184442,22
134,38,0.0136986301369863,2
134,42,0.015016551542355674,93
134,44,0.017123287671232876,4
134,68,0.013833813987022351,16
134,75,0.0,1
134,85,0.0007003810897105778,35
134,88,0.012328767123287671,10
134,93,0.02528977871443625,13
134,97,0.023483365949119372,7
134,99,0.0,1
134,110,0.023483365949119372,7
134,115,0.0136986301369863,11
134,116,0.010873165883980601,148
134,117,0.01845710165825522,10
134,118,0.045662100456621,3
134,121,0.0,1
134,123,0.0,1
134,127,0.0,1
134,129,-0.002294028970308709,11
134,132,0.01598173515981735,12
134,134,0.006752259996672399,52
134,148,0.0136986301369863,5
135,3,0.006488824801730353,19
135,12,0.019406392694063926,12
135,17,0.008367743767887964,33
135,42,0.0136986301369863,1
135,51,0.0149439601494396,11
135,64,0.0684931506849315,1
135,66,0.0,1
135,73,0.03150684931506849,10
135,89,0.0091324200913242,6
135,98,0.00821917808219178,20
135,107,0.0091324200913242,6
135,121,0.03424657534246575,2
135,129,0.0684931506849315,1
135,132,0.0,1
135,139,0.0213089802130898,9
135,142,0.017123287671232876,8
135,147,0.02831050228310502,15
137,81,0.0136986301369863,1
137,139,-0.009733237202595524,4
138,11,0.0547945205479452,1
138,22,0.00684931506849315,2
138,38,0.0,1
138,57,0.0,1
139,3,-0.005027890562744281,38
139,6,-0.046719538572458565,5
139,10,0.0136986301369863,5
139,12,-6.110004521403134e-05,59
139,13,0.0027397260273972603,5
139,15,0.0,1
139,18,0.0027397260273972603,5
139,19,0.00027036770007210064,8
139,20,0.0027397260273972603,5
139,23,-0.0175438596491228,3
139,24,0.007708945704619816,13
139,31,0.007708945704619816,13
139,36,0.0145044319097502,17
139,38,0.0182648401826484,3
139,39,0.0136986301369863,2
139,41,0.005479452054794521,5
139,42,0.026872910795044894,22
139,43,0.0136986301369863,2
139,49,0.0136986301369863,1
139,57,0.0273972602739726,1
139,58,0.0027397260273972603,5
139,63,0.0,4
139,64,-0.06867339581831293,4
139,66,0.03424657534246575,2
139,71,0.0136986301369863,2
139,73,-0.00042410619619152613,34
139,74,-0.0021629416005767817,17
139,76,0.007708945704619816,13
139,77,-0.001441961067051187,8
139,79,0.0045662100456621,6
139,80,0.0136986301369863,2
139,81,0.0182648401826484,3
139,84,0.010273972602739725,4
139,87,0.0,1
139,94,-0.0160418168709445,4
139,95,0.0,3
139,96,-0.005607626371865733,9
139,98,-0.0007209805335255957,49
139,99,0.0136986301369863,6
139,100,0.0136986301369863,2
139,101,0.007708945704619816,13
139,104,0.004900577829326141,69
139,106,-0.007786589762076419,5
139,108,0.0027397260273972603,5
139,110,0.0091324200913242,3
139,113,0.0182648401826484,3
139,116,0.0136986301369863,1
139,118,0.0273972602739726,1
139,119,0.0136986301369863,2
139,121,0.0273972602739726,1
139,129,-0.0036049026676279777,32
139,135,-0.003324001161059559,77
139,137,0.002643595289593851,6
139,139,0.015264187866927594,35
139,143,0.0076103500761035,9
139,146,0.010273972602739725,4
140,1,0.0024764113977618265,23
140,2,0.005435084021962178,26
140,7,0.0,1
140,9,0.00228310502283105,6
140,40,0.006645559700322875,23
140,55,0.006248497957221823,27
140,57,0.00684931506849315,2
140,69,0.0,1
140,84,0.0,1
140,115,0.00684931506849315,2
140,125,0.0038023140041885534,84
140,131,0.0,1
140,133,0.004626291756789234,36
140,141,0.004768303073998822,44
141,1,0.0045258971556155145,310
141,2,0.003704649974450695,412
141,9,0.0,1
141,14,0.0011970997537783475,53
141,15,0.00684931506849315,4
141,25,0.008291276135544342,30
141,27,0.003913894324853229,7
141,40,0.0030441400304414,9
141,44,0.0,1
141,48,0.00357355568790947,23
141,49,0.0136986301369863,1
141,55,0.0037807515782439815,205
141,62,0.003913894324853229,7
141,63,0.00684931506849315,4
141,69,0.00684931506849315,2
141,74,0.006675745680792545,27
141,75,0.0006655204924851648,130
141,80,0.0136986301369863,1
141,88,0.0,2
141,97,0.0136986301369863,1
141,100,0.1095890410958904,1
141,102,0.00684931506849315,8
141,115,0.0,1
141,121,0.0,1
141,123,-0.0526315789473684,1
141,125,0.0029096714388711564,252
141,131,0.0003763166687182371,205
141,133,0.0045045877778394005,117
141,134,0.0136986301369863,1
141,140,0.004379860353396133,187
141,141,0.0136986301369863,7
142,3,0.003424657534246575,4
142,17,-0.004085556356645045,9
142,18,0.0136986301369863,1
142,51,0.00684931506849315,10
142,66,0.0136986301369863,2
142,73,0.0,1
142,89,0.0136986301369863,1
142,98,0.0136986301369863,2
142,107,0.00684931506849315,2
142,129,0.005870841487279843,7
142,135,-0.011123699660109187,7
142,147,0.00821917808219178,5
143,41,-0.0012617159336697898,20
143,49,0.0410958904109589,1
143,69,0.003424657534246575,4
143,84,0.00015449582861262894,14
143,87,0.0040290088638195,17
143,106,-0.0012617159336697898,20
143,139,0.0045662100456621,3
143,143,0.0,1
144,14,0.0091324200913242,3
144,23,0.0,2
144,32,0.0,1
144,33,0.00228310502283105,6
144,35,0.0,1
144,56,0.0,2
144,65,0.0,6
144,77,0.005479452054794521,10
144,124,0.0,2
144,127,0.0,1
144,144,0.000432588320115361,5
145,11,-0.1578947368421053,1
145,21,-0.0263157894736842,2
145,35,0.00684931506849315,2
145,85,0.136986301369863,1
146,2,0.0,1
146,7,0.0136986301369863,1
146,10,0.00684931506849315,4
146,38,0.00821917808219178,5
146,40,0.0,1
146,41,0.01141552511415525,6
146,65,0.0,1
146,77,0.0410958904109589,1
146,80,0.0,1
146,81,0.0136986301369863,1
146,83,0.0,1
146,91,0.005479452054794521,5
146,94,0.0,2
146,96,0.009784735812133072,7
146,99,0.008429926238145416,13
146,104,0.0136986301369863,2
146,110,0.0136986301369863,1
146,113,-0.08147080028839224,5
146,137,0.0136986301369863,1
146,139,0.010273972602739725,4
146,141,0.0,1
146,146,-0.01946647440519105,2
147,3,0.003161222339304531,13
147,12,0.0,1
147,17,0.0045662100456621,12
147,51,0.0136986301369863,1
147,64,0.0,8
147,73,0.0,4
147,89,0.0,1
147,98,0.0,2
147,121,0.003540337246715235,67
147,129,0.0,4
147,132,0.00684931506849315,4
147,135,0.0185334407735697,34
147,142,0.0091324200913242,3
147,147,0.0,1
148,5,-0.051009372746935844,8
148,11,0.04794520547945205,2
148,14,0.0182648401826484,15
148,15,-0.021389089161259315,6
148,16,0.005870841487279843,14
148,17,0.03131115459882583,14
148,25,0.0091324200913242,3
148,33,0.0547945205479452,2
148,35,0.010273972602739725,4
148,36,0.02054794520547945,2
148,37,0.0,1
148,44,0.005214533626196744,43
148,48,0.030821917808219176,4
148,50,0.0,1
148,56,0.003424657534246575,4
148,63,0.0,1
148,64,0.04794520547945205,2
148,68,0.0228310502283105,6
148,80,0.0273972602739726,1
148,85,0.015662680555900855,29
148,86,0.0319634703196347,6
148,88,0.017123287671232876,4
148,97,0.0136986301369863,1
148,116,0.00684931506849315,2
148,117,0.001345830329247781,15
148,123,0.014059120403749103,6
148,129,0.0547945205479452,1
148,132,0.0319634703196347,3
148,134,0.01598173515981735,6
148,141,0.0136986301369863,1
148,147,0.0,1
148,148,0.024875139280330208,825
149,29,-0.012977649603460699,3
149,30,0.0,3
149,38,0.0,1
149,74,-0.0526315789473684,1
149,83,0.0136986301369863,1
149,124,0.0,1
149,149,0.0,1
